,epochs,batchs,acc
1%,6.0,606.0,33.3508186340332
3%,21.0,714.0,30.327381134033203
6%,9.0,153.0,33.78478240966797
10%,22.0,242.0,32.58542251586914
20%,31.0,186.0,32.12761306762695
