,epochs,batchs,avg_batch_time,total time,acc
1%,6.0,606.0,12.149018855889638,7362.305426669121,33.3508186340332
3%,21.0,714.0,7.676865692933401,5481.2821047544485,30.327381134033203
6%,9.0,153.0,6.260120224952697,957.7983944177627,33.78478240966797
10%,22.0,242.0,7.53058797121048,1822.402289032936,32.58542251586914
20%,31.0,186.0,8.428339258829752,1567.671102142334,32.12761306762695
