,epochs,batchs,avg_batch_time,total time,acc
0.05%,1.0,2002.0,83.94423002401989,168056.3485080878,47.30918884277344
0.1%,0.0,0.0,53.97697244882584,0.0,47.36641311645508
0.5%,1.0,201.0,28.76690617799759,5782.148141777516,45.88569259643555
1%,2.0,202.0,25.02422750790914,5054.893956597646,43.374900817871094
3%,4.0,136.0,22.392338208357494,3045.357996336619,41.50551986694336
