,epochs,batchs,avg_batch_time,total time,acc
0.1%,56.0,56056.0,4.4753946979840595,250872.72519019444,42.75257110595703
0.5%,54.0,10854.0,7.734594146410624,83951.28486514091,46.853763580322266
1%,57.0,5757.0,12.135613024234772,69864.72418051958,47.7574577331543
3%,11.0,374.0,27.023977470397952,10106.967573928834,47.9315185546875
6%,8.0,136.0,49.79043205976486,6771.498760128021,47.79799270629883
