,epochs,batchs,avg_batch_time,total time,acc
0.5%,59.0,11859.0,11.341063519318899,134493.67227560282,80.38065338134766
1%,57.0,5757.0,10.482654579480489,60348.642414069174,80.48728942871094
3%,52.0,1768.0,11.587409389019012,20486.539799785613,80.42439270019531
6%,59.0,1003.0,13.822875901063282,13864.344528766473,80.2115249633789
9%,58.0,696.0,18.11246738433838,12606.277299499512,79.08319091796875
