,epochs,batchs,avg_batch_time,total time,acc
0.5%,57.0,11457.0,7.127345184485118,81657.99377864599,79.59392547607422
1%,53.0,5353.0,7.119638967514039,38111.42739310265,78.91659545898438
3%,56.0,1904.0,7.963823008537292,15163.119008255004,79.6981201171875
6%,59.0,1003.0,10.250577052434284,10281.328783591587,78.5987548828125
10%,59.0,649.0,13.894129713376365,9017.290183981262,78.26641845703125
