,epochs,batchs,avg_batch_time,total time,acc
0.01%,19.0,190722.0,0.6150266567866007,117299.11403565407,66.40472412109375
0.05%,38.0,76038.0,1.2892608761787414,98032.81850287913,72.16987609863281
0.1%,37.0,37037.0,2.154096615314484,79781.27634140254,74.88919067382812
0.5%,41.0,8241.0,8.830187145868937,72769.5722691059,78.95870208740234
1%,56.0,5656.0,15.170324142773945,85803.35335152943,78.86752319335938
