,Sampling,Data Transferring,Training,Evaluation_total
0.05%,3.0321768561999005,5.246585237979889,76.27808609406154,4.73598051071167
0.1%,2.448885460694631,4.610159210364023,46.15990988016129,4.639051286379496
0.5%,4.787097239494324,3.539274501800537,18.526295630137124,4.609900045394897
1%,6.966892910003662,3.1266707022984823,13.399613908926646,4.677726391951243
3%,9.970097577571869,2.1596941192944845,8.564739187558493,4.651822765668233
