,Sampling,Data Transferring,Training,Evaluation_total
1%,0.6209918300310772,0.37636614640553784,11.041377898057302,4.668452330430349
3%,0.6884078462918599,0.33986331224441524,5.859665405750273,4.792707780996959
6%,1.1074963967005407,0.34217888514200856,4.728209149837494,4.787226490179697
10%,1.803593913714091,0.3549562573432923,4.394304688771565,4.75830219189326
20%,3.4926582256952927,0.4217431267102559,4.364158193270365,4.745169937610626
