,Sampling,Data Transferring,Training,Evaluation_total
0.1%,0.822885306676229,0.01536517143249512,2.659849599997204,4.0784648617108665
0.5%,2.0021827061971034,0.0455501357714335,3.7225665966669723,4.097132714589437
1%,3.372716852029166,0.13332019249598184,5.394837172826134,4.163802190621694
3%,8.614793813228609,0.361038299401601,13.835693975289663,4.184252031644186
6%,15.394797730445868,0.6087794939676922,26.785507806142167,4.048046827316284
