,Sampling,Data Transfering,Training,Sampling Ratio
0.05%,0.00466488747107677,0.008071669596892136,0.1173509016831716,3.58596248697638
0.1%,0.007535032186752711,0.014185105262658534,0.1420304919389578,4.601528687185561
0.5%,0.07364764983837421,0.05445037695077749,0.28501993277134036,17.82726897584566
1%,0.21111796696980795,0.09474759703934794,0.4060489063311105,29.65496218512064
3%,0.906372507051988,0.19633582902677132,0.7786126534144084,48.17745148828467
