,Sampling,Data Transfering,Training,Sampling Ratio
0.01%,0.020728599097993638,0.00043505960040622285,0.006861313449011908,73.96474468898987
0.05%,0.05168873535262213,0.0009851574897766114,0.009784016079372829,82.75771034435716
0.1%,0.07736545880635579,0.001490125258763631,0.013878735966152614,83.42699744848127
0.5%,0.25906001660558914,0.00664303011364407,0.07622665246327717,75.76411678334843
1%,0.37641931162940134,0.013268492089377509,0.14099747724003261,70.93079931467265
