,Sampling,Data Transfering,Training,Sampling Ratio
0.5%,0.006305084824562071,0.008828163186709084,0.04182048948605855,11.07053742497178
1%,0.011436460018157962,0.016717814167340594,0.08329300622145334,10.261766798074845
3%,0.053343399248871166,0.04424809848561007,0.2603084685755711,14.904555537917892
6%,0.17523732606102443,0.07565223960315479,0.5654949527160795,21.465047672474565
9%,0.44506376816166765,0.12058585253026749,0.869489648607042,31.01188697728744
