,Len(Train Loader),Avg Batch Time(s),Avg Epoch Time(s),Acc
1%,50,0.12038735874493917,12.038735874493916,33.5
3%,150,0.20258636953783965,6.887936564286548,33.59
6%,300,0.36340496656941434,6.177884431680043,33.35
10%,500,0.6552854859828949,6.552854859828949,32.06
20%,1000,1.6557119091351826,8.278559545675913,33.7
