,Len(Train Loader),Avg Batch Time(s),Avg Epoch Time(s),Acc
0.05%,969,0.1300874587511405,84.55684818824133,45.87
0.1%,1939,0.16375062938836904,53.21895455121994,47.15
0.5%,9698,0.4131179595604921,26.852667371431984,45.43
1%,19397,0.7119144703402664,23.49317752122879,43.49
3%,58192,1.8813209894931677,20.694530884424843,41.1
