,Len(Train Loader),Avg Batch Time(s),Avg Epoch Time(s),Acc
0.01%,244,0.02802497214741177,0.840749164422353,66.32
0.05%,1224,0.06245790892177157,1.8737372676531474,72.26
0.1%,2449,0.09273432003127204,2.782029600938161,74.46
0.5%,12245,0.34192969918251037,10.257890975475311,78.52
1%,24490,0.5306852809588115,15.920558428764343,79.35
