,Len(Train Loader),Avg Batch Time(s),Avg Epoch Time(s),Acc
0.5%,75,0.05695373749732971,11.390747499465942,80.1
1%,150,0.1114472804069519,11.14472804069519,80.19
3%,450,0.35789996631005233,12.168598854541779,80.89
6%,900,0.8163845183802587,13.878536812464398,80.2
9%,1350,1.4351392692989773,17.221671231587727,78.76
